<step title="Incoming Request" date="2025-09-15T17:49:38.895" instance="40cccd" url="/balancehub-api.git/git-receive-pack" method="POST" type="request" pid="821,1,21" Accept="application/x-git-receive-pack-result" Host="balancehub-api.scm.azurewebsites.net" User-Agent="git/2.51.0" Accept-Encoding="deflate, gzip" Accept-Language="C, *;q=0.9" Authorization="Bas..." Content-Type="application/x-git-receive-pack-request" Transfer-Encoding="chunked" X-ARR-LOG-ID="df59ea59-088c-43f9-9319-797ef788a29a" CLIENT-IP="129.222.245.54:15750" X-SITE-DEPLOYMENT-ID="balancehub-api" WAS-DEFAULT-HOSTNAME="balancehub-api.scm.azurewebsites.net" X-Forwarded-Proto="https" X-AppService-Proto="https" X-Forwarded-TlsVersion="1.3" X-WAWS-Unencoded-URL="/balancehub-api.git/git-receive-pack" X-Client-IP="129.222.245.54" X-Client-Port="15750" >
  <step title="Cleanup Xml Logs" date="2025-09-15T17:49:38.901" /><!-- duration: 11ms -->
  <step title="RpcService.ReceivePack" date="2025-09-15T17:49:38.930" >
    <step title="Executing external process" date="2025-09-15T17:49:38.942" type="process" path="git" arguments="rev-parse --git-dir" /><!-- duration: 26ms -->
    <step title="Assuming git repository at /home/site/repository" date="2025-09-15T17:49:38.975" /><!-- duration: 5ms -->
    <step title="Acquiring Deployment Lock" date="2025-09-15T17:49:38.988" /><!-- duration: 5ms -->
    <step title="Acquired Deployment Lock" date="2025-09-15T17:49:39.026" /><!-- duration: 6ms -->
    <step title="Creating temporary deployment" date="2025-09-15T17:49:39.038" /><!-- duration: 97ms -->
    <step title="GitExeServer.Receive" date="2025-09-15T17:49:39.145" >
      <step title="Executing external process" date="2025-09-15T17:49:39.158" type="process" path="git" arguments="receive-pack --stateless-rpc &quot;/home/site/repository&quot;" /><!-- duration: 39845ms -->
    </step><!-- duration: 39865ms -->
    <step title="Releasing Deployment Lock" date="2025-09-15T17:50:19.070" /><!-- duration: 5ms -->
  </step><!-- duration: 40161ms -->
  <step title="Outgoing response" date="2025-09-15T17:50:19.097" type="response" statusCode="200" statusText="OK" /><!-- duration: 10ms -->
</step><!-- duration: 40218ms -->
