<step title="Executing external process" date="2025-09-15T17:50:08.406" instance="40cccd" type="process" path="kudu.exe" arguments="/home/site /opt/Kudu/msbuild" >
  <step title="Cleanup Xml Logs" date="2025-09-15T17:50:08.436" /><!-- duration: 10ms -->
  <step title="Deployment timer started" date="2025-09-15T17:50:08.469" >
    <step title="Executing external process" date="2025-09-15T17:50:08.488" type="process" path="git" arguments="log -n 1 master --" /><!-- duration: 125ms -->
    <step title="DeploymentManager.Deploy(id:7e7af9ffe7de161161ebf2f3f7e41bd5f4336cbf)" date="2025-09-15T17:50:08.621" >
      <step title="Collecting changeset information" date="2025-09-15T17:50:08.644" /><!-- duration: 182ms -->
      <step title="Updating to specific changeset" date="2025-09-15T17:50:08.842" >
        <step title="Executing external process" date="2025-09-15T17:50:09.993" type="process" path="git" arguments="checkout master --force" /><!-- duration: 5706ms -->
      </step><!-- duration: 6864ms -->
      <step title="Updating submodules" date="2025-09-15T17:50:15.711" /><!-- duration: 134ms -->
      <step title="Determining deployment builder" date="2025-09-15T17:50:16.089" >
        <step title="Builder is RunFromZipSiteBuilder" date="2025-09-15T17:50:16.104" /><!-- duration: 8ms -->
      </step><!-- duration: 27ms -->
      <step title="PreDeployment: context.CleanOutputPath False" date="2025-09-15T17:50:16.170" >
        <step title="PreDeployment: context.OutputPath /home/site/wwwroot" date="2025-09-15T17:50:16.313" >
          <step title="Building" date="2025-09-15T17:50:16.465" >
            <step title="Triggering recycle (preview mode disabled)." date="2025-09-15T17:50:16.856" /><!-- duration: 9ms -->
            <step title="Modified file to trigger a restart of the app container." date="2025-09-15T17:50:16.894" /><!-- duration: 5ms -->
            <step title="Skip function trigger and logicapp sync because function is not enabled." date="2025-09-15T17:50:16.907" /><!-- duration: 17ms -->
          </step><!-- duration: 1151ms -->
        </step><!-- duration: 1308ms -->
        <step title="Cleaning up temp files" date="2025-09-15T17:50:17.626" /><!-- duration: 10ms -->
        <step title="Cleaning up temp files" date="2025-09-15T17:50:17.642" /><!-- duration: 507ms -->
        <step title="Reloading status file with latest updates" date="2025-09-15T17:50:18.219" >
          <step title="WebHooksManager.PublishEventAsync: PostDeployment" date="2025-09-15T17:50:18.228" /><!-- duration: 71ms -->
        </step><!-- duration: 87ms -->
        <step title="Executing external process" date="2025-09-15T17:50:18.333" type="process" path="git" arguments="log -n 1 master --" /><!-- duration: 110ms -->
      </step><!-- duration: 2282ms -->
      <step title="Perform deploy exiting successfully" date="2025-09-15T17:50:18.457" 