<step title="Incoming Request" date="2025-09-15T17:49:37.578" instance="40cccd" url="/balancehub-api.git/git-receive-pack" method="POST" type="request" pid="821,1,21" Accept="application/x-git-receive-pack-result" Host="balancehub-api.scm.azurewebsites.net" User-Agent="git/2.51.0" Authorization="Bas..." Content-Type="application/x-git-receive-pack-request" Content-Length="4" X-ARR-LOG-ID="da6364a4-ff1a-4a0a-a8b2-569f8f19c661" CLIENT-IP="129.222.245.54:15750" X-SITE-DEPLOYMENT-ID="balancehub-api" WAS-DEFAULT-HOSTNAME="balancehub-api.scm.azurewebsites.net" X-Forwarded-Proto="https" X-AppService-Proto="https" X-Forwarded-TlsVersion="1.3" X-WAWS-Unencoded-URL="/balancehub-api.git/git-receive-pack" X-Client-IP="129.222.245.54" X-Client-Port="15750" >
  <step title="RpcService.ReceivePack" date="2025-09-15T17:49:37.606" >
    <step title="Executing external process" date="2025-09-15T17:49:37.617" type="process" path="git" arguments="rev-parse --git-dir" /><!-- duration: 25ms -->
    <step title="Assuming git repository at /home/site/repository" date="2025-09-15T17:49:37.648" /><!-- duration: 9ms -->
    <step title="Acquiring Deployment Lock" date="2025-09-15T17:49:37.667" /><!-- duration: 6ms -->
    <step title="Acquired Deployment Lock" date="2025-09-15T17:49:37.710" /><!-- duration: 9ms -->
    <step title="Creating temporary deployment" date="2025-09-15T17:49:37.727" /><!-- duration: 568ms -->
    <step title="GitExeServer.Receive" date="2025-09-15T17:49:38.301" >
      <step title="Executing external process" date="2025-09-15T17:49:38.312" type="process" path="git" arguments="receive-pack --stateless-rpc &quot;/home/site/repository&quot;" /><!-- duration: 43ms -->
    </step><!-- duration: 74ms -->
    <step title="Releasing Deployment Lock" date="2025-09-15T17:49:38.461" /><!-- duration: 12ms -->
  </step><!-- duration: 895ms -->
  <step title="Outgoing response" date="2025-09-15T17:49:38.509" type="response" statusCode="200" statusText="OK" /><!-- duration: 15ms -->
</step><!-- duration: 954ms -->
