<step title="Incoming Request" date="2025-09-15T17:49:34.820" instance="40cccd" url="/balancehub-api.git/info/refs?service=git-receive-pack" method="GET" type="request" pid="821,1,21" Accept="*/*" Host="balancehub-api.scm.azurewebsites.net" User-Agent="git/2.51.0" Accept-Encoding="deflate, gzip" Accept-Language="C, *;q=0.9" Authorization="Bas..." Pragma="no-cache" X-ARR-LOG-ID="513e7da4-0670-42b4-9319-04a4861367ed" CLIENT-IP="129.222.245.54:15750" X-SITE-DEPLOYMENT-ID="balancehub-api" WAS-DEFAULT-HOSTNAME="balancehub-api.scm.azurewebsites.net" X-Forwarded-Proto="https" X-AppService-Proto="https" X-Forwarded-TlsVersion="1.3" X-WAWS-Unencoded-URL="/balancehub-api.git/info/refs?service=git-receive-pack" X-Client-IP="129.222.245.54" X-Client-Port="15750" >
  <step title="Cleanup Xml Logs" date="2025-09-15T17:49:34.826" /><!-- duration: 12ms -->
  <step title="InfoRefsService.Execute" date="2025-09-15T17:49:34.996" >
    <step title="InfoRefsService.SmartInfoRefs" date="2025-09-15T17:49:35.015" >
      <step title="Acquiring Deployment Lock" date="2025-09-15T17:49:35.038" /><!-- duration: 5ms -->
      <step title="Acquired Deployment Lock" date="2025-09-15T17:49:35.132" /><!-- duration: 11ms -->
      <step title="GitExeServer.Initialize" date="2025-09-15T17:49:35.153" >
        <step title="GitExeRepository.Initialize" date="2025-09-15T17:49:35.170" >
          <step title="Executing external process" date="2025-09-15T17:49:35.179" type="process" path="git" arguments="init" /><!-- duration: 409ms -->
          <step title="Executing external process" date="2025-09-15T17:49:35.608" type="process" path="git" arguments="config core.autocrlf false" /><!-- duration: 38ms -->
          <step title="Executing external process" date="2025-09-15T17:49:35.655" type="process" path="git" arguments="config core.preloadindex true" /><!-- duration: 40ms -->
          <step title="Executing external process" date="2025-09-15T17:49:35.702" type="process" path="git" arguments="config user.name &quot;unknown&quot;" /><!-- duration: 37ms -->
          <step title="Executing external process" date="2025-09-15T17:49:35.746" type="process" path="git" arguments="config user.email &quot;unknown&quot;" /><!-- duration: 39ms -->
          <step title="Executing external process" date="2025-09-15T17:49:35.794" type="process" path="git" arguments="config filter.lfs.clean &quot;git-lfs clean %f&quot;" /><!-- duration: 41ms -->
          <step title="Executing external process" date="2025-09-15T17:49:35.841" type="process" path="git" arguments="config filter.lfs.smudge &quot;git-lfs smudge %f&quot;" /><!-- duration: 39ms -->
          <step title="Executing external process" date="2025-09-15T17:49:35.885" type="process" path="git" arguments="config filter.lfs.required true" /><!-- duration: 32ms -->
          <step title="Configure git server" date="2025-09-15T17:49:35.923" >
            <step title="Executing external process" date="2025-09-15T17:49:35.928" type="process" path="git" arguments="config receive.denyCurrentBranch ignore" /><!-- duration: 65ms -->
          </step><!-- duration: 78ms -->
          <step title="Create deny users for .git folder" date="2025-09-15T17:49:36.005" /><!-- duration: 36ms -->
          <step title="Configure git-credential" date="2025-09-15T17:49:36.047" >
            <step title="Executing external process" date="2025-09-15T17:49:36.074" type="process" path="git" arguments="config credential.helper &quot;!&apos;/home/site/repository/.git/hooks/git-credential-invalid.sh&apos;&quot;" /><!-- duration: 31ms -->
          </step><!-- duration: 63ms -->
          <step title="Setup post receive hook" date="2025-09-15T17:49:36.119" >
            <step title="Non-Windows enviroment, granting 755 permission to post-receive hook file" date="2025-09-15T17:49:36.149" /><!-- duration: 44ms -->
          </step><!-- duration: 83ms -->
        </step><!-- duration: 1037ms -->
      </step><!-- duration: 1058ms -->
      <step title="Releasing Deployment Lock" date="2025-09-15T17:49:36.218" /><!-- duration: 4ms -->
      <step title="GitExeServer.AdvertiseReceivePack" date="2025-09-15T17:49:36.239" >
        <step title="Executing external process" date="2025-09-15T17:49:36.246" type="process" path="git" arguments="receive-pack --stateless-rpc --advertise-refs &quot;/home/site/repository&quot;" /><!-- duration: 59ms -->
      </step><!-- duration: 72ms -->
      <step title="Writing 216 bytes" date="2025-09-15T17:49:36.318" /><!-- duration: 7ms -->
    </step><!-- duration: 1315ms -->
  </step><!-- duration: 1340ms -->
  <step title="Outgoing response" date="2025-09-15T17:49:36.352" type="response" statusCode="200" statusText="OK" /><!-- duration: 5ms -->
</step><!-- duration: 1542ms -->
