﻿<?xml version="1.0" encoding="utf-8"?>
<deployment>
  <id>7e7af9ffe7de161161ebf2f3f7e41bd5f4336cbf</id>
  <author>Leo Z</author>
  <deployer>$balancehub-api</deployer>
  <authorEmail>3324234+leozusa@users.noreply.github.com</authorEmail>
  <message>feat: Complete BalanceHub authentication API with Azure deployment support
    
    - Add JWT token authentication with role-based claims
    - Implement user management with Entity Framework
    - Configure production database settings
    - Add Railway deployment configuration
    - Create Dockerfile for containerized deployment
    - Prepare for Azure App Service deployment</message>
  <progress></progress>
  <status>Success</status>
  <statusText></statusText>
  <lastSuccessEndTime>2025-09-15T17:50:17.3035293Z</lastSuccessEndTime>
  <receivedTime>2025-09-15T17:50:08.7599239Z</receivedTime>
  <startTime>2025-09-15T17:50:16.0212376Z</startTime>
  <endTime>2025-09-15T17:50:17.3035293Z</endTime>
  <complete>True</complete>
  <is_temp>False</is_temp>
  <is_readonly>False</is_readonly>
  <buildSummary />
</deployment>